<?xml version="1.0" encoding="UTF-8"?>

<templates xml:space="preserve">
    <t t-name="image_widget">
        <div class="d-flex flex-column py-3">
            <t t-if="props.record.data.ks_icon_select == 'Default'">
                <div class="o_field_image" aria-atomic="true">
                    <t t-if="props.readonly != true">
                        <div class="o_form_image_controls">
                            <div class="d-flex mb-3">
                            <button type="button" class="ks_image_widget_icon_container"
                                title="Select Icons" t-on-click="(ev) => this.ks_image_widget_icon_container(ev)">
                                <svg width="18" height="18" viewBox="0 0 20 20" fill="none" xmlns="http://www.w3.org/2000/svg">
                                    <path d="M9.16675 1.66663H7.50008C3.33341 1.66663 1.66675 3.33329 1.66675 7.49996V12.5C1.66675 16.6666 3.33341 18.3333 7.50008 18.3333H12.5001C16.6667 18.3333 18.3334 16.6666 18.3334 12.5V10.8333" stroke="#241C1D" stroke-width="1.25" stroke-linecap="round" stroke-linejoin="round"/>
                                    <path d="M13.3666 2.51663L6.7999 9.0833C6.5499 9.3333 6.2999 9.82497 6.2499 10.1833L5.89157 12.6916C5.75823 13.6 6.3999 14.2333 7.30823 14.1083L9.81657 13.75C10.1666 13.7 10.6582 13.45 10.9166 13.2L17.4832 6.6333C18.6166 5.49997 19.1499 4.1833 17.4832 2.51663C15.8166 0.849966 14.4999 1.3833 13.3666 2.51663Z" stroke="#241C1D" stroke-width="1.25" stroke-miterlimit="10" stroke-linecap="round" stroke-linejoin="round"/>
                                    <path d="M12.425 3.45837C12.9834 5.45004 14.5417 7.00837 16.5417 7.57504" stroke="#241C1D" stroke-width="1.25" stroke-miterlimit="10" stroke-linecap="round" stroke-linejoin="round"/>
                                </svg>
                            </button>
                            <button class="o_clear_file_button" title="Clear"
                                aria-label="Clear" t-on-click="(ev) => this.ks_remove_icon(ev)">
                                <svg width="16" height="16" viewBox="0 0 16 16" class="me-1" fill="none" xmlns="http://www.w3.org/2000/svg">
                                    <path d="M14 3.98665C11.78 3.76665 9.54667 3.65332 7.32 3.65332C6 3.65332 4.68 3.71999 3.36 3.85332L2 3.98665" fill="#241C1D"/>
                                    <path d="M14 3.98665C11.78 3.76665 9.54667 3.65332 7.32 3.65332C6 3.65332 4.68 3.71999 3.36 3.85332L2 3.98665" stroke="#241C1D" stroke-linecap="round" stroke-linejoin="round"/>
                                    <path d="M5.66699 3.31337L5.81366 2.44004C5.92033 1.80671 6.00033 1.33337 7.12699 1.33337H8.87366C10.0003 1.33337 10.087 1.83337 10.187 2.44671L10.3337 3.31337" stroke="#241C1D" stroke-linecap="round" stroke-linejoin="round"/>
                                    <path d="M12.5669 6.09338L12.1336 12.8067C12.0603 13.8534 12.0003 14.6667 10.1403 14.6667H5.86026C4.00026 14.6667 3.94026 13.8534 3.86693 12.8067L3.43359 6.09338" stroke="#241C1D" stroke-linecap="round" stroke-linejoin="round"/>
                                    <path d="M6.88672 11H9.10672" stroke="#241C1D" stroke-linecap="round" stroke-linejoin="round"/>
                                    <path d="M6.33301 8.33337H9.66634" stroke="#241C1D" stroke-linecap="round" stroke-linejoin="round"/>
                                </svg>

                            </button>
                            </div>
                            <span class="o_form_binary_progress">Uploading...</span>
                            <t t-if="props.record.data.ks_icon_select == 'Default'">
                                <span t-att-class="'fa fa-' + props.record.data.ks_default_icon + ' fa-5x'" style="color:black">
                                </span>
                            </t>
                        </div>
                    </t>
                </div>
            </t>
        </div>
    </t>


</templates>