<t t-name="ks_dashboard_ninja.dashboardNinjaOverView" owl="1">
     <main class="main-box">
        <section class="overview-sec-one mb-4 pb-1">
            <div class="container-fluid">
                <div class="d-flex justify-content-between align-items-center">
                    <h1>Welcome <span t-esc="data.user_name"/></h1>
                    <div class="d-flex align-items-center">
                        <!-- custom-dd-2-start -->
                        <div class="dropdown dash-dd-2">
                            <a t-ref="overviewFilter" class="text-decoration-none dropdown-toggle" href="#" role="button"
                                data-bs-toggle="dropdown" aria-expanded="false">
                                <t t-esc="state.filter"/>
                            </a>

                            <ul class="dropdown-menu ks-dropdown-menu">
                                <li><a class="dropdown-item" href="#" t-on-click="onFilterChange">All Dashboards</a></li>
                                <li><a class="dropdown-item" href="#" t-on-click="onFilterChange">Bookmarked</a></li>
                            </ul>
                        </div>
                        <!-- custom-dd-2-end -->
                        <button class="dash-btn-red d-flex align-items-center ms-3 d-none d-md-flex" t-if="data.isManager" t-on-click="createDashboard">
                            <span>
                                <svg width="18" height="18" viewBox="0 0 24 24" fill="transparent" xmlns="http://www.w3.org/2000/svg">
                                    <path d="M12 22C17.5 22 22 17.5 22 12C22 6.5 17.5 2 12 2C6.5 2 2 6.5 2 12C2 17.5 6.5 22 12 22Z" stroke="#fff" stroke-width="1.5" stroke-linecap="round" stroke-linejoin="round"/>
                                    <path d="M8 12H16" stroke="#fff" stroke-width="1.5" stroke-linecap="round" stroke-linejoin="round"/>
                                    <path d="M12 16V8" stroke="#fff" stroke-width="1.5" stroke-linecap="round" stroke-linejoin="round"/>
                                </svg>
                            </span>
                            <span class="ms-1">
                                Add New Dashboard
                            </span>
                        </button>
                    </div>
                </div>
            </div>
        </section>
        <section class="overview-sec-tiles mb-4 pb-1 container-fluid">
            <div class="d-flex align-items-center row-gap-3 row">
                <t t-foreach="[0,1,2,3,4]" t-as="i" t-key="i">
                    <div class="col-xl-2 col-lg-3 col-md-4 col-sm-6 col-12">
                        <div t-attf-class="tile {{overviewTilesNames[i][1]}} d-flex justify-content-between align-items-center">
                            <div>
                                <div t-attf-id="{{overviewTilesNames[i][0]}}" class="num mb-1">
                                    <t t-esc="data.overviewInfo[i]"/>
                                </div>
                                <p class="mb-1"><t t-esc="overviewTilesNames[i][0]"/></p>
                            </div>
                            <div>
                                <img t-attf-src="/ks_dashboard_ninja/static/images/dashboardOverview/{{overviewTilesNames[i][0]}}.svg" alt="category" loading="lazy" class="img-fluid"/>
                            </div>
                        </div>
                    </div>
                </t>
            </div>
        </section>
        <section class="overview-sec-dasboards container-fluid">
            <t t-set="filteredDashboardsInfo" t-value="filteredDashboards"/>
            <!-- no-data-found -->
            <div t-if="!filteredDashboardsInfo" class="d-flex flex-column justify-content-center align-items-center h-100 no-data">
                <div>
                    <img src="/ks_dashboard_ninja/static/images/dashboardOverview/no-data.png" alt="no-data-files" class="img-fluid" loading="lazy"/>
                </div>
                <h3 class="mb-0">
                    No Data Found!!
                </h3>
                <p class="mb-3">No Dashboard’s have been Found</p>
                <button class="dash-btn-red d-flex align-items-center" t-if="data.isManager &amp;&amp; !isMobile" t-on-click="createDashboard">
                    <span>
                        <svg width="18" height="18" viewBox="0 0 24 24" fill="transparent" xmlns="http://www.w3.org/2000/svg">
                            <path d="M12 22C17.5 22 22 17.5 22 12C22 6.5 17.5 2 12 2C6.5 2 2 6.5 2 12C2 17.5 6.5 22 12 22Z" stroke="#fff" stroke-width="1.5" stroke-linecap="round" stroke-linejoin="round"/>
                            <path d="M8 12H16" stroke="#fff" stroke-width="1.5" stroke-linecap="round" stroke-linejoin="round"/>
                            <path d="M12 16V8" stroke="#fff" stroke-width="1.5" stroke-linecap="round" stroke-linejoin="round"/>
                        </svg>
                    </span>
                    <span class="ms-2">
                        Add New Dashboard
                    </span>
                </button>
            </div>

            <div class="row row-gap-34 data-added" t-if="filteredDashboardsInfo">
                <t t-foreach="filteredDashboardsInfo" t-as="dashboard" t-key="dashboard">
                    <div class="col-xl-4 col-md-6 col-12">
                        <div class="dashboard-box flex-column d-flex align-items-center justify-content-center">
                            <div class="mb-2 dash-preview-box">
                                <img t-att-src="data.dashboardsInfo[dashboard].image" alt="dashboard-img" class="img-fluid"
                                     loading="lazy"/>
                            </div>
                            <div class="d-flex w-100 justify-content-between align-items-center dashboard-info">
                                <div class="left w-50">
                                    <h4 class="text-truncate"><t t-esc="data.dashboardsInfo[dashboard].name"/></h4>
                                    <p><t t-esc="data.dashboardsInfo[dashboard].chartCount"/>
                                        Charts</p>
                                </div>
                                <!--  -->
                                <div class="right w-50">
                                    <div class="marked mb-2 d-flex justify-content-end align-items-center">
                                        <div t-attf-id="unBookmark{{data.dashboardsInfo[dashboard].id}}" t-att-class="data.dashboardsInfo[dashboard].is_bookmarked ? 'd-none' : ''"
                                             t-on-click="updateBookmark" t-att-data-dashboard-id="data.dashboardsInfo[dashboard].id"
                                             title="Bookmark the dashboard">
                                            <svg width="20" height="20" viewBox="0 0 20 20" fill="none" class="bookmark"
                                             xmlns="http://www.w3.org/2000/svg">
                                            <path d="M7.70831 7.54163C9.19165 8.08329 10.8083 8.08329 12.2916 7.54163"
                                                  stroke="#292D32" stroke-width="1.25" stroke-linecap="round"
                                                  stroke-linejoin="round"/>
                                            <path
                                                    d="M14.0169 1.66669H5.98357C4.20857 1.66669 2.76691 3.11669 2.76691 4.88335V16.625C2.76691 18.125 3.84191 18.7584 5.15857 18.0334L9.22524 15.775C9.65857 15.5334 10.3586 15.5334 10.7836 15.775L14.8502 18.0334C16.1669 18.7667 17.2419 18.1334 17.2419 16.625V4.88335C17.2336 3.11669 15.7919 1.66669 14.0169 1.66669Z"
                                                    stroke="#292D32" stroke-width="1.25" stroke-linecap="round"
                                                    stroke-linejoin="round"/>
                                            <path
                                                    d="M14.0169 1.66669H5.98357C4.20857 1.66669 2.76691 3.11669 2.76691 4.88335V16.625C2.76691 18.125 3.84191 18.7584 5.15857 18.0334L9.22524 15.775C9.65857 15.5334 10.3586 15.5334 10.7836 15.775L14.8502 18.0334C16.1669 18.7667 17.2419 18.1334 17.2419 16.625V4.88335C17.2336 3.11669 15.7919 1.66669 14.0169 1.66669Z"
                                                    stroke="#292D32" stroke-width="1.25" stroke-linecap="round"
                                                    stroke-linejoin="round"/>
                                        </svg>
                                        </div>

                                        <!-- bookmarked -->
                                        <div t-attf-id="bookmark{{data.dashboardsInfo[dashboard].id}}" t-on-click="updateBookmark"
                                             t-att-class="data.dashboardsInfo[dashboard].is_bookmarked ? '' : 'd-none'"
                                             t-att-data-dashboard-id="data.dashboardsInfo[dashboard].id"
                                             title="Bookmarked">
                                            <svg width="16" height="18" viewBox="0 0 16 18" fill="none"
                                             class="bookmarked cursor-pointer" xmlns="http://www.w3.org/2000/svg">
                                                <path
                                                    d="M12.0165 0.666687H3.98318C2.20818 0.666687 0.766518 2.11669 0.766518 3.88335V15.625C0.766518 17.125 1.84152 17.7584 3.15818 17.0334L7.22485 14.775C7.65818 14.5334 8.35818 14.5334 8.78318 14.775L12.8499 17.0334C14.1665 17.7667 15.2415 17.1334 15.2415 15.625V3.88335C15.2332 2.11669 13.7915 0.666687 12.0165 0.666687ZM10.5082 7.12502C9.69985 7.41669 8.84985 7.56669 7.99985 7.56669C7.14985 7.56669 6.29985 7.41669 5.49152 7.12502C5.16652 7.00835 4.99985 6.65002 5.11652 6.32502C5.24152 6.00002 5.59985 5.83335 5.92485 5.95002C7.26652 6.43335 8.74152 6.43335 10.0832 5.95002C10.4082 5.83335 10.7665 6.00002 10.8832 6.32502C10.9999 6.65002 10.8332 7.00835 10.5082 7.12502Z"
                                                    fill="#6789C6"/>
                                            </svg>
                                        </div>

                                        <button class="img-bg bookmark-capture ms-lg-2 ms-1 d-md-block d-none"
                                                t-att-data-dashboard-id="data.dashboardsInfo[dashboard].id" t-on-click="viewDashboard"
                                                title="To update the Dashboard image, go to dashboard and update through camera icon. We can also scroll in the dashboard and capture only the visible part.">
                                            <svg width="24" height="24" viewBox="0 0 24 24" fill="" xmlns="http://www.w3.org/2000/svg">
                                                <path d="M6.75992 22H17.2399C19.9999 22 21.0999 20.31 21.2299 18.25L21.7499 9.99C21.8899 7.83 20.1699 6 17.9999 6C17.3899 6 16.8299 5.65 16.5499 5.11L15.8299 3.66C15.3699 2.75 14.1699 2 13.1499 2H10.8599C9.82992 2 8.62992 2.75 8.16992 3.66L7.44992 5.11C7.16992 5.65 6.60992 6 5.99992 6C3.82992 6 2.10992 7.83 2.24992 9.99L2.76992 18.25C2.88992 20.31 3.99992 22 6.75992 22Z" stroke="" stroke-width="1.5" stroke-linecap="round" stroke-linejoin="round"/>
                                                <path d="M10.5 8H13.5" stroke="" stroke-width="1.5" stroke-linecap="round" stroke-linejoin="round"/>
                                                <path d="M12 18C13.79 18 15.25 16.54 15.25 14.75C15.25 12.96 13.79 11.5 12 11.5C10.21 11.5 8.75 12.96 8.75 14.75C8.75 16.54 10.21 18 12 18Z" stroke="" stroke-width="1.5" stroke-linecap="round" stroke-linejoin="round"/>
                                            </svg>
                                        </button>

                                    </div>
                                    <a class="dash-link d-flex align-items-center justify-content-end" t-att-data-dashboard-id="data.dashboardsInfo[dashboard].id"
                                       t-on-click="viewDashboard" title="Click to view the Dashboard">
                                        View Dashboard
                                        <i class="fa fa-angle-right ms-1" aria-hidden="true"/>
                                    </a>
                                </div>
                            </div>
                        </div>
                    </div>
                </t>
            </div>
        </section>
     </main>
</t>